device_id,cycle,pulse_index,direction,conductance_s,pulse_voltage_v,pulse_width_s,pulse_current_a,read_voltage_v,read_current_a,timestamp_s,pulse_terminal,read_terminal,gate_voltage_v,gate_current_a,drain_voltage_v,drain_current_a,source_voltage_v,source_current_a,body_voltage_v,body_current_a,pulse_energy_j
memtransistor_4t-demo,0,0,depression,6.980038210807644e-05,-4.0,0.01,-5e-09,0.1,6.980038210807644e-06,0.36300000000000016,gate-to-source,drain-to-source,-4.0,-5e-09,0.1,6.980038210807644e-06,0.0,-6.980038210807644e-06,0.0,0.0,2e-10
memtransistor_4t-demo,0,1,depression,6.830311354500368e-05,-4.0,0.01,-5.0780361288064515e-09,0.1,6.830311354500369e-06,0.37400000000000017,gate-to-source,drain-to-source,-4.0,-5.0780361288064515e-09,0.1,6.830311354500369e-06,0.0,-6.830311354500369e-06,0.0,0.0,2.0312144515225807e-10
memtransistor_4t-demo,0,2,depression,6.711767158265268e-05,-4.0,0.01,-5.153073372946036e-09,0.1,6.711767158265268e-06,0.3850000000000002,gate-to-source,drain-to-source,-4.0,-5.153073372946036e-09,0.1,6.711767158265268e-06,0.0,-6.711767158265268e-06,0.0,0.0,2.0612293491784143e-10
memtransistor_4t-demo,0,3,depression,6.513385973382149e-05,-4.0,0.01,-5.222228093207842e-09,0.1,6.513385973382149e-06,0.3960000000000002,gate-to-source,drain-to-source,-4.0,-5.222228093207842e-09,0.1,6.513385973382149e-06,0.0,-6.513385973382149e-06,0.0,0.0,2.0888912372831367e-10
memtransistor_4t-demo,0,4,depression,6.365271034284056e-05,-4.0,0.01,-5.282842712474619e-09,0.1,6.365271034284056e-06,0.4070000000000002,gate-to-source,drain-to-source,-4.0,-5.282842712474619e-09,0.1,6.365271034284056e-06,0.0,-6.365271034284056e-06,0.0,0.0,2.1131370849898477e-10
memtransistor_4t-demo,0,5,depression,6.216307181919003e-05,-4.0,0.01,-5.332587844921018e-09,0.1,6.2163071819190034e-06,0.4180000000000002,gate-to-source,drain-to-source,-4.0,-5.332587844921018e-09,0.1,6.2163071819190034e-06,0.0,-6.2163071819190034e-06,0.0,0.0,2.1330351379684072e-10
memtransistor_4t-demo,0,6,depression,6.014862191055991e-05,-4.0,0.01,-5.369551813004515e-09,0.1,6.014862191055991e-06,0.4290000000000002,gate-to-source,drain-to-source,-4.0,-5.369551813004515e-09,0.1,6.014862191055991e-06,0.0,-6.014862191055991e-06,0.0,0.0,2.1478207252018058e-10
memtransistor_4t-demo,0,7,depression,5.8490743430126214e-05,-4.0,0.01,-5.392314112161292e-09,0.1,5.849074343012622e-06,0.4400000000000002,gate-to-source,drain-to-source,-4.0,-5.392314112161292e-09,0.1,5.849074343012622e-06,0.0,-5.849074343012622e-06,0.0,0.0,2.1569256448645167e-10
memtransistor_4t-demo,0,8,depression,5.6741859206911095e-05,-4.0,0.01,-5.4e-09,0.1,5.67418592069111e-06,0.45100000000000023,gate-to-source,drain-to-source,-4.0,-5.4e-09,0.1,5.67418592069111e-06,0.0,-5.67418592069111e-06,0.0,0.0,2.1600000000000003e-10
memtransistor_4t-demo,0,9,depression,5.4897154683713456e-05,-4.0,0.01,-5.392314112161292e-09,0.1,5.489715468371346e-06,0.46200000000000024,gate-to-source,drain-to-source,-4.0,-5.392314112161292e-09,0.1,5.489715468371346e-06,0.0,-5.489715468371346e-06,0.0,0.0,2.1569256448645167e-10
memtransistor_4t-demo,0,10,depression,5.275713950731268e-05,-4.0,0.01,-5.369551813004515e-09,0.1,5.275713950731268e-06,0.47300000000000025,gate-to-source,drain-to-source,-4.0,-5.369551813004515e-09,0.1,5.275713950731268e-06,0.0,-5.275713950731268e-06,0.0,0.0,2.1478207252018058e-10
memtransistor_4t-demo,0,11,depression,5.11026230682098e-05,-4.0,0.01,-5.332587844921018e-09,0.1,5.11026230682098e-06,0.48400000000000026,gate-to-source,drain-to-source,-4.0,-5.332587844921018e-09,0.1,5.11026230682098e-06,0.0,-5.11026230682098e-06,0.0,0.0,2.1330351379684072e-10
memtransistor_4t-demo,0,12,depression,4.940048287408138e-05,-4.0,0.01,-5.282842712474619e-09,0.1,4.940048287408138e-06,0.4950000000000003,gate-to-source,drain-to-source,-4.0,-5.282842712474619e-09,0.1,4.940048287408138e-06,0.0,-4.940048287408138e-06,0.0,0.0,2.1131370849898477e-10
memtransistor_4t-demo,0,13,depression,4.679900932644339e-05,-4.0,0.01,-5.222228093207842e-09,0.1,4.679900932644339e-06,0.5060000000000002,gate-to-source,drain-to-source,-4.0,-5.222228093207842e-09,0.1,4.679900932644339e-06,0.0,-4.679900932644339e-06,0.0,0.0,2.0888912372831367e-10
memtransistor_4t-demo,0,14,depression,4.5235412135587806e-05,-4.0,0.01,-5.153073372946036e-09,0.1,4.523541213558781e-06,0.5170000000000002,gate-to-source,drain-to-source,-4.0,-5.153073372946036e-09,0.1,4.523541213558781e-06,0.0,-4.523541213558781e-06,0.0,0.0,2.0612293491784143e-10
memtransistor_4t-demo,0,15,depression,4.298299717762019e-05,-4.0,0.01,-5.0780361288064515e-09,0.1,4.298299717762019e-06,0.5280000000000002,gate-to-source,drain-to-source,-4.0,-5.0780361288064515e-09,0.1,4.298299717762019e-06,0.0,-4.298299717762019e-06,0.0,0.0,2.0312144515225807e-10
memtransistor_4t-demo,0,16,depression,4.0678348003788505e-05,-4.0,0.01,-5e-09,0.1,4.067834800378851e-06,0.5390000000000003,gate-to-source,drain-to-source,-4.0,-5e-09,0.1,4.067834800378851e-06,0.0,-4.067834800378851e-06,0.0,0.0,2e-10
memtransistor_4t-demo,0,17,depression,3.9018764050668916e-05,-4.0,0.01,-4.921963871193549e-09,0.1,3.901876405066892e-06,0.5500000000000003,gate-to-source,drain-to-source,-4.0,-4.921963871193549e-09,0.1,3.901876405066892e-06,0.0,-3.901876405066892e-06,0.0,0.0,1.9687855484774195e-10
memtransistor_4t-demo,0,18,depression,3.651744222501615e-05,-4.0,0.01,-4.8469266270539644e-09,0.1,3.6517442225016153e-06,0.5610000000000003,gate-to-source,drain-to-source,-4.0,-4.8469266270539644e-09,0.1,3.6517442225016153e-06,0.0,-3.6517442225016153e-06,0.0,0.0,1.938770650821586e-10
memtransistor_4t-demo,0,19,depression,3.3817192886149664e-05,-4.0,0.01,-4.7777719067921594e-09,0.1,3.3817192886149665e-06,0.5720000000000003,gate-to-source,drain-to-source,-4.0,-4.7777719067921594e-09,0.1,3.3817192886149665e-06,0.0,-3.3817192886149665e-06,0.0,0.0,1.9111087627168637e-10
memtransistor_4t-demo,0,20,depression,3.17244272869694e-05,-4.0,0.01,-4.717157287525381e-09,0.1,3.1724427286969403e-06,0.5830000000000003,gate-to-source,drain-to-source,-4.0,-4.717157287525381e-09,0.1,3.1724427286969403e-06,0.0,-3.1724427286969403e-06,0.0,0.0,1.8868629150101524e-10
memtransistor_4t-demo,0,21,depression,2.94205207623605e-05,-4.0,0.01,-4.667412155078982e-09,0.1,2.9420520762360503e-06,0.5940000000000003,gate-to-source,drain-to-source,-4.0,-4.667412155078982e-09,0.1,2.9420520762360503e-06,0.0,-2.9420520762360503e-06,0.0,0.0,1.866964862031593e-10
memtransistor_4t-demo,0,22,depression,2.6803059586445052e-05,-4.0,0.01,-4.6304481869954855e-09,0.1,2.6803059586445055e-06,0.6050000000000003,gate-to-source,drain-to-source,-4.0,-4.6304481869954855e-09,0.1,2.6803059586445055e-06,0.0,-2.6803059586445055e-06,0.0,0.0,1.8521792747981943e-10
memtransistor_4t-demo,0,23,depression,2.4463369791864508e-05,-4.0,0.01,-4.607685887838708e-09,0.1,2.4463369791864508e-06,0.6160000000000003,gate-to-source,drain-to-source,-4.0,-4.607685887838708e-09,0.1,2.4463369791864508e-06,0.0,-2.4463369791864508e-06,0.0,0.0,1.8430743551354832e-10
memtransistor_4t-demo,0,24,depression,2.1735477726951295e-05,-4.0,0.01,-4.600000000000001e-09,0.1,2.1735477726951295e-06,0.6270000000000003,gate-to-source,drain-to-source,-4.0,-4.600000000000001e-09,0.1,2.1735477726951295e-06,0.0,-2.1735477726951295e-06,0.0,0.0,1.8400000000000004e-10
memtransistor_4t-demo,0,25,depression,1.9251350115592025e-05,-4.0,0.01,-4.607685887838708e-09,0.1,1.9251350115592027e-06,0.6380000000000003,gate-to-source,drain-to-source,-4.0,-4.607685887838708e-09,0.1,1.9251350115592027e-06,0.0,-1.9251350115592027e-06,0.0,0.0,1.8430743551354832e-10
memtransistor_4t-demo,0,26,depression,1.671472476324871e-05,-4.0,0.01,-4.6304481869954855e-09,0.1,1.6714724763248711e-06,0.6490000000000004,gate-to-source,drain-to-source,-4.0,-4.6304481869954855e-09,0.1,1.6714724763248711e-06,0.0,-1.6714724763248711e-06,0.0,0.0,1.8521792747981943e-10
memtransistor_4t-demo,0,27,depression,1.3527942112775648e-05,-4.0,0.01,-4.667412155078982e-09,0.1,1.352794211277565e-06,0.6600000000000004,gate-to-source,drain-to-source,-4.0,-4.667412155078982e-09,0.1,1.352794211277565e-06,0.0,-1.352794211277565e-06,0.0,0.0,1.866964862031593e-10
memtransistor_4t-demo,0,28,depression,1.0888800018335581e-05,-4.0,0.01,-4.717157287525381e-09,0.1,1.0888800018335582e-06,0.6710000000000004,gate-to-source,drain-to-source,-4.0,-4.717157287525381e-09,0.1,1.0888800018335582e-06,0.0,-1.0888800018335582e-06,0.0,0.0,1.8868629150101524e-10
memtransistor_4t-demo,0,29,depression,7.870061867077914e-06,-4.0,0.01,-4.7777719067921594e-09,0.1,7.870061867077914e-07,0.6820000000000004,gate-to-source,drain-to-source,-4.0,-4.7777719067921594e-09,0.1,7.870061867077914e-07,0.0,-7.870061867077914e-07,0.0,0.0,1.9111087627168637e-10
memtransistor_4t-demo,0,30,depression,5.041920628619818e-06,-4.0,0.01,-4.8469266270539644e-09,0.1,5.041920628619818e-07,0.6930000000000004,gate-to-source,drain-to-source,-4.0,-4.8469266270539644e-09,0.1,5.041920628619818e-07,0.0,-5.041920628619818e-07,0.0,0.0,1.938770650821586e-10
memtransistor_4t-demo,0,31,depression,1.7578123163185658e-06,-4.0,0.01,-4.921963871193549e-09,0.1,1.7578123163185658e-07,0.7040000000000004,gate-to-source,drain-to-source,-4.0,-4.921963871193549e-09,0.1,1.7578123163185658e-07,0.0,-1.7578123163185658e-07,0.0,0.0,1.9687855484774195e-10
memtransistor_4t-demo,0,0,potentiation,2.0002509512849264e-06,4.0,0.01,5e-09,0.1,2.0002509512849264e-07,0.011,gate-to-source,drain-to-source,4.0,5e-09,0.1,2.0002509512849264e-07,0.0,-2.0002509512849264e-07,0.0,0.0,2e-10
memtransistor_4t-demo,0,1,potentiation,3.3583515805715232e-06,4.0,0.01,5.0780361288064515e-09,0.1,3.3583515805715236e-07,0.022,gate-to-source,drain-to-source,4.0,5.0780361288064515e-09,0.1,3.3583515805715236e-07,0.0,-3.3583515805715236e-07,0.0,0.0,2.0312144515225807e-10
memtransistor_4t-demo,0,2,potentiation,4.581425061104738e-06,4.0,0.01,5.153073372946036e-09,0.1,4.5814250611047383e-07,0.033,gate-to-source,drain-to-source,4.0,5.153073372946036e-09,0.1,4.5814250611047383e-07,0.0,-4.5814250611047383e-07,0.0,0.0,2.0612293491784143e-10
memtransistor_4t-demo,0,3,potentiation,5.839538784022692e-06,4.0,0.01,5.222228093207842e-09,0.1,5.839538784022692e-07,0.044,gate-to-source,drain-to-source,4.0,5.222228093207842e-09,0.1,5.839538784022692e-07,0.0,-5.839538784022692e-07,0.0,0.0,2.0888912372831367e-10
memtransistor_4t-demo,0,4,potentiation,7.357705813780026e-06,4.0,0.01,5.282842712474619e-09,0.1,7.357705813780027e-07,0.05499999999999999,gate-to-source,drain-to-source,4.0,5.282842712474619e-09,0.1,7.357705813780027e-07,0.0,-7.357705813780027e-07,0.0,0.0,2.1131370849898477e-10
memtransistor_4t-demo,0,5,potentiation,8.72425806138345e-06,4.0,0.01,5.332587844921018e-09,0.1,8.724258061383451e-07,0.06599999999999999,gate-to-source,drain-to-source,4.0,5.332587844921018e-09,0.1,8.724258061383451e-07,0.0,-8.724258061383451e-07,0.0,0.0,2.1330351379684072e-10
memtransistor_4t-demo,0,6,potentiation,1.0463310860477638e-05,4.0,0.01,5.369551813004515e-09,0.1,1.046331086047764e-06,0.07699999999999999,gate-to-source,drain-to-source,4.0,5.369551813004515e-09,0.1,1.046331086047764e-06,0.0,-1.046331086047764e-06,0.0,0.0,2.1478207252018058e-10
memtransistor_4t-demo,0,7,potentiation,1.2298911877919516e-05,4.0,0.01,5.392314112161292e-09,0.1,1.2298911877919516e-06,0.08799999999999998,gate-to-source,drain-to-source,4.0,5.392314112161292e-09,0.1,1.2298911877919516e-06,0.0,-1.2298911877919516e-06,0.0,0.0,2.1569256448645167e-10
memtransistor_4t-demo,0,8,potentiation,1.3551181540271447e-05,4.0,0.01,5.4e-09,0.1,1.3551181540271448e-06,0.09899999999999998,gate-to-source,drain-to-source,4.0,5.4e-09,0.1,1.3551181540271448e-06,0.0,-1.3551181540271448e-06,0.0,0.0,2.1600000000000003e-10
memtransistor_4t-demo,0,9,potentiation,1.52044080140189e-05,4.0,0.01,5.392314112161292e-09,0.1,1.52044080140189e-06,0.10999999999999997,gate-to-source,drain-to-source,4.0,5.392314112161292e-09,0.1,1.52044080140189e-06,0.0,-1.52044080140189e-06,0.0,0.0,2.1569256448645167e-10
memtransistor_4t-demo,0,10,potentiation,1.7165363115766272e-05,4.0,0.01,5.369551813004515e-09,0.1,1.7165363115766273e-06,0.12099999999999997,gate-to-source,drain-to-source,4.0,5.369551813004515e-09,0.1,1.7165363115766273e-06,0.0,-1.7165363115766273e-06,0.0,0.0,2.1478207252018058e-10
memtransistor_4t-demo,0,11,potentiation,1.8929552947243658e-05,4.0,0.01,5.332587844921018e-09,0.1,1.8929552947243658e-06,0.13199999999999998,gate-to-source,drain-to-source,4.0,5.332587844921018e-09,0.1,1.8929552947243658e-06,0.0,-1.8929552947243658e-06,0.0,0.0,2.1330351379684072e-10
memtransistor_4t-demo,0,12,potentiation,2.0728291551184337e-05,4.0,0.01,5.282842712474619e-09,0.1,2.0728291551184337e-06,0.143,gate-to-source,drain-to-source,4.0,5.282842712474619e-09,0.1,2.0728291551184337e-06,0.0,-2.0728291551184337e-06,0.0,0.0,2.1131370849898477e-10
memtransistor_4t-demo,0,13,potentiation,2.2427662282455342e-05,4.0,0.01,5.222228093207842e-09,0.1,2.2427662282455344e-06,0.154,gate-to-source,drain-to-source,4.0,5.222228093207842e-09,0.1,2.2427662282455344e-06,0.0,-2.2427662282455344e-06,0.0,0.0,2.0888912372831367e-10
memtransistor_4t-demo,0,14,potentiation,2.4584841187531337e-05,4.0,0.01,5.153073372946036e-09,0.1,2.458484118753134e-06,0.165,gate-to-source,drain-to-source,4.0,5.153073372946036e-09,0.1,2.458484118753134e-06,0.0,-2.458484118753134e-06,0.0,0.0,2.0612293491784143e-10
memtransistor_4t-demo,0,15,potentiation,2.677067487528015e-05,4.0,0.01,5.0780361288064515e-09,0.1,2.6770674875280154e-06,0.17600000000000002,gate-to-source,drain-to-source,4.0,5.0780361288064515e-09,0.1,2.6770674875280154e-06,0.0,-2.6770674875280154e-06,0.0,0.0,2.0312144515225807e-10
memtransistor_4t-demo,0,16,potentiation,2.84594523057797e-05,4.0,0.01,5e-09,0.1,2.84594523057797e-06,0.18700000000000003,gate-to-source,drain-to-source,4.0,5e-09,0.1,2.84594523057797e-06,0.0,-2.84594523057797e-06,0.0,0.0,2e-10
memtransistor_4t-demo,0,17,potentiation,3.081416254259957e-05,4.0,0.01,4.921963871193549e-09,0.1,3.0814162542599575e-06,0.19800000000000004,gate-to-source,drain-to-source,4.0,4.921963871193549e-09,0.1,3.0814162542599575e-06,0.0,-3.0814162542599575e-06,0.0,0.0,1.9687855484774195e-10
memtransistor_4t-demo,0,18,potentiation,3.2764778098735305e-05,4.0,0.01,4.8469266270539644e-09,0.1,3.276477809873531e-06,0.20900000000000005,gate-to-source,drain-to-source,4.0,4.8469266270539644e-09,0.1,3.276477809873531e-06,0.0,-3.276477809873531e-06,0.0,0.0,1.938770650821586e-10
memtransistor_4t-demo,0,19,potentiation,3.520827694063214e-05,4.0,0.01,4.7777719067921594e-09,0.1,3.520827694063214e-06,0.22000000000000006,gate-to-source,drain-to-source,4.0,4.7777719067921594e-09,0.1,3.520827694063214e-06,0.0,-3.520827694063214e-06,0.0,0.0,1.9111087627168637e-10
memtransistor_4t-demo,0,20,potentiation,3.74903605399404e-05,4.0,0.01,4.717157287525381e-09,0.1,3.74903605399404e-06,0.23100000000000007,gate-to-source,drain-to-source,4.0,4.717157287525381e-09,0.1,3.74903605399404e-06,0.0,-3.74903605399404e-06,0.0,0.0,1.8868629150101524e-10
memtransistor_4t-demo,0,21,potentiation,4.0291356623910305e-05,4.0,0.01,4.667412155078982e-09,0.1,4.02913566239103e-06,0.24200000000000008,gate-to-source,drain-to-source,4.0,4.667412155078982e-09,0.1,4.02913566239103e-06,0.0,-4.02913566239103e-06,0.0,0.0,1.866964862031593e-10
memtransistor_4t-demo,0,22,potentiation,4.2635079573090244e-05,4.0,0.01,4.6304481869954855e-09,0.1,4.263507957309025e-06,0.25300000000000006,gate-to-source,drain-to-source,4.0,4.6304481869954855e-09,0.1,4.263507957309025e-06,0.0,-4.263507957309025e-06,0.0,0.0,1.8521792747981943e-10
memtransistor_4t-demo,0,23,potentiation,4.558704095416076e-05,4.0,0.01,4.607685887838708e-09,0.1,4.558704095416076e-06,0.26400000000000007,gate-to-source,drain-to-source,4.0,4.607685887838708e-09,0.1,4.558704095416076e-06,0.0,-4.558704095416076e-06,0.0,0.0,1.8430743551354832e-10
memtransistor_4t-demo,0,24,potentiation,4.82882309075563e-05,4.0,0.01,4.600000000000001e-09,0.1,4.82882309075563e-06,0.2750000000000001,gate-to-source,drain-to-source,4.0,4.600000000000001e-09,0.1,4.82882309075563e-06,0.0,-4.82882309075563e-06,0.0,0.0,1.8400000000000004e-10
memtransistor_4t-demo,0,25,potentiation,5.103199209158317e-05,4.0,0.01,4.607685887838708e-09,0.1,5.103199209158317e-06,0.2860000000000001,gate-to-source,drain-to-source,4.0,4.607685887838708e-09,0.1,5.103199209158317e-06,0.0,-5.103199209158317e-06,0.0,0.0,1.8430743551354832e-10
memtransistor_4t-demo,0,26,potentiation,5.346282932000729e-05,4.0,0.01,4.6304481869954855e-09,0.1,5.34628293200073e-06,0.2970000000000001,gate-to-source,drain-to-source,4.0,4.6304481869954855e-09,0.1,5.34628293200073e-06,0.0,-5.34628293200073e-06,0.0,0.0,1.8521792747981943e-10
memtransistor_4t-demo,0,27,potentiation,5.686775154821702e-05,4.0,0.01,4.667412155078982e-09,0.1,5.686775154821702e-06,0.3080000000000001,gate-to-source,drain-to-source,4.0,4.667412155078982e-09,0.1,5.686775154821702e-06,0.0,-5.686775154821702e-06,0.0,0.0,1.866964862031593e-10
memtransistor_4t-demo,0,28,potentiation,6.006754507758424e-05,4.0,0.01,4.717157287525381e-09,0.1,6.006754507758424e-06,0.3190000000000001,gate-to-source,drain-to-source,4.0,4.717157287525381e-09,0.1,6.006754507758424e-06,0.0,-6.006754507758424e-06,0.0,0.0,1.8868629150101524e-10
memtransistor_4t-demo,0,29,potentiation,6.33019723207841e-05,4.0,0.01,4.7777719067921594e-09,0.1,6.330197232078411e-06,0.3300000000000001,gate-to-source,drain-to-source,4.0,4.7777719067921594e-09,0.1,6.330197232078411e-06,0.0,-6.330197232078411e-06,0.0,0.0,1.9111087627168637e-10
memtransistor_4t-demo,0,30,potentiation,6.627308288356319e-05,4.0,0.01,4.8469266270539644e-09,0.1,6.627308288356319e-06,0.34100000000000014,gate-to-source,drain-to-source,4.0,4.8469266270539644e-09,0.1,6.627308288356319e-06,0.0,-6.627308288356319e-06,0.0,0.0,1.938770650821586e-10
memtransistor_4t-demo,0,31,potentiation,6.990253833168908e-05,4.0,0.01,4.921963871193549e-09,0.1,6.990253833168908e-06,0.35200000000000015,gate-to-source,drain-to-source,4.0,4.921963871193549e-09,0.1,6.990253833168908e-06,0.0,-6.990253833168908e-06,0.0,0.0,1.9687855484774195e-10
memtransistor_4t-demo,1,0,depression,6.9464657777954e-05,-4.0,0.01,-5e-09,0.1,6.9464657777954e-06,1.067,gate-to-source,drain-to-source,-4.0,-5e-09,0.1,6.9464657777954e-06,0.0,-6.9464657777954e-06,0.0,0.0,2e-10
memtransistor_4t-demo,1,1,depression,6.827305671725374e-05,-4.0,0.01,-5.0780361288064515e-09,0.1,6.827305671725374e-06,1.0779999999999998,gate-to-source,drain-to-source,-4.0,-5.0780361288064515e-09,0.1,6.827305671725374e-06,0.0,-6.827305671725374e-06,0.0,0.0,2.0312144515225807e-10
memtransistor_4t-demo,1,2,depression,6.629743190999912e-05,-4.0,0.01,-5.153073372946036e-09,0.1,6.629743190999912e-06,1.0889999999999997,gate-to-source,drain-to-source,-4.0,-5.153073372946036e-09,0.1,6.629743190999912e-06,0.0,-6.629743190999912e-06,0.0,0.0,2.0612293491784143e-10
memtransistor_4t-demo,1,3,depression,6.463047186872007e-05,-4.0,0.01,-5.222228093207842e-09,0.1,6.4630471868720065e-06,1.0999999999999996,gate-to-source,drain-to-source,-4.0,-5.222228093207842e-09,0.1,6.4630471868720065e-06,0.0,-6.4630471868720065e-06,0.0,0.0,2.0888912372831367e-10
memtransistor_4t-demo,1,4,depression,6.335096708823308e-05,-4.0,0.01,-5.282842712474619e-09,0.1,6.3350967088233084e-06,1.1109999999999995,gate-to-source,drain-to-source,-4.0,-5.282842712474619e-09,0.1,6.3350967088233084e-06,0.0,-6.3350967088233084e-06,0.0,0.0,2.1131370849898477e-10
memtransistor_4t-demo,1,5,depression,6.155961203760254e-05,-4.0,0.01,-5.332587844921018e-09,0.1,6.1559612037602536e-06,1.1219999999999994,gate-to-source,drain-to-source,-4.0,-5.332587844921018e-09,0.1,6.1559612037602536e-06,0.0,-6.1559612037602536e-06,0.0,0.0,2.1330351379684072e-10
memtransistor_4t-demo,1,6,depression,6.0068644953193074e-05,-4.0,0.01,-5.369551813004515e-09,0.1,6.006864495319307e-06,1.1329999999999993,gate-to-source,drain-to-source,-4.0,-5.369551813004515e-09,0.1,6.006864495319307e-06,0.0,-6.006864495319307e-06,0.0,0.0,2.1478207252018058e-10
memtransistor_4t-demo,1,7,depression,5.874608253180212e-05,-4.0,0.01,-5.392314112161292e-09,0.1,5.874608253180213e-06,1.1439999999999992,gate-to-source,drain-to-source,-4.0,-5.392314112161292e-09,0.1,5.874608253180213e-06,0.0,-5.874608253180213e-06,0.0,0.0,2.1569256448645167e-10
memtransistor_4t-demo,1,8,depression,5.633155691079799e-05,-4.0,0.01,-5.4e-09,0.1,5.633155691079799e-06,1.1549999999999991,gate-to-source,drain-to-source,-4.0,-5.4e-09,0.1,5.633155691079799e-06,0.0,-5.633155691079799e-06,0.0,0.0,2.1600000000000003e-10
memtransistor_4t-demo,1,9,depression,5.4546211305370766e-05,-4.0,0.01,-5.392314112161292e-09,0.1,5.454621130537077e-06,1.165999999999999,gate-to-source,drain-to-source,-4.0,-5.392314112161292e-09,0.1,5.454621130537077e-06,0.0,-5.454621130537077e-06,0.0,0.0,2.1569256448645167e-10
memtransistor_4t-demo,1,10,depression,5.28459246825569e-05,-4.0,0.01,-5.369551813004515e-09,0.1,5.284592468255691e-06,1.176999999999999,gate-to-source,drain-to-source,-4.0,-5.369551813004515e-09,0.1,5.284592468255691e-06,0.0,-5.284592468255691e-06,0.0,0.0,2.1478207252018058e-10
memtransistor_4t-demo,1,11,depression,5.099242933490668e-05,-4.0,0.01,-5.332587844921018e-09,0.1,5.099242933490668e-06,1.1879999999999988,gate-to-source,drain-to-source,-4.0,-5.332587844921018e-09,0.1,5.099242933490668e-06,0.0,-5.099242933490668e-06,0.0,0.0,2.1330351379684072e-10
memtransistor_4t-demo,1,12,depression,4.890003096919972e-05,-4.0,0.01,-5.282842712474619e-09,0.1,4.890003096919973e-06,1.1989999999999987,gate-to-source,drain-to-source,-4.0,-5.282842712474619e-09,0.1,4.890003096919973e-06,0.0,-4.890003096919973e-06,0.0,0.0,2.1131370849898477e-10
memtransistor_4t-demo,1,13,depression,4.6893504744467956e-05,-4.0,0.01,-5.222228093207842e-09,0.1,4.6893504744467956e-06,1.2099999999999986,gate-to-source,drain-to-source,-4.0,-5.222228093207842e-09,0.1,4.6893504744467956e-06,0.0,-4.6893504744467956e-06,0.0,0.0,2.0888912372831367e-10
memtransistor_4t-demo,1,14,depression,4.503262717086193e-05,-4.0,0.01,-5.153073372946036e-09,0.1,4.503262717086193e-06,1.2209999999999985,gate-to-source,drain-to-source,-4.0,-5.153073372946036e-09,0.1,4.503262717086193e-06,0.0,-4.503262717086193e-06,0.0,0.0,2.0612293491784143e-10
memtransistor_4t-demo,1,15,depression,4.290246618621594e-05,-4.0,0.01,-5.0780361288064515e-09,0.1,4.290246618621595e-06,1.2319999999999984,gate-to-source,drain-to-source,-4.0,-5.0780361288064515e-09,0.1,4.290246618621595e-06,0.0,-4.290246618621595e-06,0.0,0.0,2.0312144515225807e-10
memtransistor_4t-demo,1,16,depression,4.0444818368000476e-05,-4.0,0.01,-5e-09,0.1,4.044481836800048e-06,1.2429999999999983,gate-to-source,drain-to-source,-4.0,-5e-09,0.1,4.044481836800048e-06,0.0,-4.044481836800048e-06,0.0,0.0,2e-10
memtransistor_4t-demo,1,17,depression,3.8449929800559216e-05,-4.0,0.01,-4.921963871193549e-09,0.1,3.844992980055922e-06,1.2539999999999982,gate-to-source,drain-to-source,-4.0,-4.921963871193549e-09,0.1,3.844992980055922e-06,0.0,-3.844992980055922e-06,0.0,0.0,1.9687855484774195e-10
memtransistor_4t-demo,1,18,depression,3.623367070524141e-05,-4.0,0.01,-4.8469266270539644e-09,0.1,3.623367070524141e-06,1.2649999999999981,gate-to-source,drain-to-source,-4.0,-4.8469266270539644e-09,0.1,3.623367070524141e-06,0.0,-3.623367070524141e-06,0.0,0.0,1.938770650821586e-10
memtransistor_4t-demo,1,19,depression,3.372059957694404e-05,-4.0,0.01,-4.7777719067921594e-09,0.1,3.372059957694404e-06,1.275999999999998,gate-to-source,drain-to-source,-4.0,-4.7777719067921594e-09,0.1,3.372059957694404e-06,0.0,-3.372059957694404e-06,0.0,0.0,1.9111087627168637e-10
memtransistor_4t-demo,1,20,depression,3.164564864740438e-05,-4.0,0.01,-4.717157287525381e-09,0.1,3.164564864740438e-06,1.286999999999998,gate-to-source,drain-to-source,-4.0,-4.717157287525381e-09,0.1,3.164564864740438e-06,0.0,-3.164564864740438e-06,0.0,0.0,1.8868629150101524e-10
memtransistor_4t-demo,1,21,depression,2.902103541006406e-05,-4.0,0.01,-4.667412155078982e-09,0.1,2.9021035410064063e-06,1.2979999999999978,gate-to-source,drain-to-source,-4.0,-4.667412155078982e-09,0.1,2.9021035410064063e-06,0.0,-2.9021035410064063e-06,0.0,0.0,1.866964862031593e-10
memtransistor_4t-demo,1,22,depression,2.6943045194981027e-05,-4.0,0.01,-4.6304481869954855e-09,0.1,2.694304519498103e-06,1.3089999999999977,gate-to-source,drain-to-source,-4.0,-4.6304481869954855e-09,0.1,2.694304519498103e-06,0.0,-2.694304519498103e-06,0.0,0.0,1.8521792747981943e-10
memtransistor_4t-demo,1,23,depression,2.4276766859368262e-05,-4.0,0.01,-4.607685887838708e-09,0.1,2.4276766859368266e-06,1.3199999999999976,gate-to-source,drain-to-source,-4.0,-4.607685887838708e-09,0.1,2.4276766859368266e-06,0.0,-2.4276766859368266e-06,0.0,0.0,1.8430743551354832e-10
memtransistor_4t-demo,1,24,depression,2.1691107885655256e-05,-4.0,0.01,-4.600000000000001e-09,0.1,2.1691107885655256e-06,1.3309999999999975,gate-to-source,drain-to-source,-4.0,-4.600000000000001e-09,0.1,2.1691107885655256e-06,0.0,-2.1691107885655256e-06,0.0,0.0,1.8400000000000004e-10
memtransistor_4t-demo,1,25,depression,1.8929194124416233e-05,-4.0,0.01,-4.607685887838708e-09,0.1,1.8929194124416233e-06,1.3419999999999974,gate-to-source,drain-to-source,-4.0,-4.607685887838708e-09,0.1,1.8929194124416233e-06,0.0,-1.8929194124416233e-06,0.0,0.0,1.8430743551354832e-10
memtransistor_4t-demo,1,26,depression,1.6342536376087816e-05,-4.0,0.01,-4.6304481869954855e-09,0.1,1.6342536376087817e-06,1.3529999999999973,gate-to-source,drain-to-source,-4.0,-4.6304481869954855e-09,0.1,1.6342536376087817e-06,0.0,-1.6342536376087817e-06,0.0,0.0,1.8521792747981943e-10
memtransistor_4t-demo,1,27,depression,1.3214887637190906e-05,-4.0,0.01,-4.667412155078982e-09,0.1,1.3214887637190907e-06,1.3639999999999972,gate-to-source,drain-to-source,-4.0,-4.667412155078982e-09,0.1,1.3214887637190907e-06,0.0,-1.3214887637190907e-06,0.0,0.0,1.866964862031593e-10
memtransistor_4t-demo,1,28,depression,1.0584642745936148e-05,-4.0,0.01,-4.717157287525381e-09,0.1,1.0584642745936148e-06,1.3749999999999971,gate-to-source,drain-to-source,-4.0,-4.717157287525381e-09,0.1,1.0584642745936148e-06,0.0,-1.0584642745936148e-06,0.0,0.0,1.8868629150101524e-10
memtransistor_4t-demo,1,29,depression,8.01838676782769e-06,-4.0,0.01,-4.7777719067921594e-09,0.1,8.018386767827691e-07,1.385999999999997,gate-to-source,drain-to-source,-4.0,-4.7777719067921594e-09,0.1,8.018386767827691e-07,0.0,-8.018386767827691e-07,0.0,0.0,1.9111087627168637e-10
memtransistor_4t-demo,1,30,depression,4.573488955420496e-06,-4.0,0.01,-4.8469266270539644e-09,0.1,4.5734889554204965e-07,1.396999999999997,gate-to-source,drain-to-source,-4.0,-4.8469266270539644e-09,0.1,4.5734889554204965e-07,0.0,-4.5734889554204965e-07,0.0,0.0,1.938770650821586e-10
memtransistor_4t-demo,1,31,depression,2.1767081383821604e-06,-4.0,0.01,-4.921963871193549e-09,0.1,2.1767081383821605e-07,1.4079999999999968,gate-to-source,drain-to-source,-4.0,-4.921963871193549e-09,0.1,2.1767081383821605e-07,0.0,-2.1767081383821605e-07,0.0,0.0,1.9687855484774195e-10
memtransistor_4t-demo,1,0,potentiation,1.8858224743134545e-06,4.0,0.01,5e-09,0.1,1.8858224743134545e-07,0.7150000000000004,gate-to-source,drain-to-source,4.0,5e-09,0.1,1.8858224743134545e-07,0.0,-1.8858224743134545e-07,0.0,0.0,2e-10
memtransistor_4t-demo,1,1,potentiation,3.2561175644162974e-06,4.0,0.01,5.0780361288064515e-09,0.1,3.256117564416298e-07,0.7260000000000004,gate-to-source,drain-to-source,4.0,5.0780361288064515e-09,0.1,3.256117564416298e-07,0.0,-3.256117564416298e-07,0.0,0.0,2.0312144515225807e-10
memtransistor_4t-demo,1,2,potentiation,4.813992478585447e-06,4.0,0.01,5.153073372946036e-09,0.1,4.813992478585447e-07,0.7370000000000004,gate-to-source,drain-to-source,4.0,5.153073372946036e-09,0.1,4.813992478585447e-07,0.0,-4.813992478585447e-07,0.0,0.0,2.0612293491784143e-10
memtransistor_4t-demo,1,3,potentiation,6.242523388248646e-06,4.0,0.01,5.222228093207842e-09,0.1,6.242523388248646e-07,0.7480000000000004,gate-to-source,drain-to-source,4.0,5.222228093207842e-09,0.1,6.242523388248646e-07,0.0,-6.242523388248646e-07,0.0,0.0,2.0888912372831367e-10
memtransistor_4t-demo,1,4,potentiation,7.162336534457509e-06,4.0,0.01,5.282842712474619e-09,0.1,7.16233653445751e-07,0.7590000000000005,gate-to-source,drain-to-source,4.0,5.282842712474619e-09,0.1,7.16233653445751e-07,0.0,-7.16233653445751e-07,0.0,0.0,2.1131370849898477e-10
memtransistor_4t-demo,1,5,potentiation,8.74033325575645e-06,4.0,0.01,5.332587844921018e-09,0.1,8.740333255756451e-07,0.7700000000000005,gate-to-source,drain-to-source,4.0,5.332587844921018e-09,0.1,8.740333255756451e-07,0.0,-8.740333255756451e-07,0.0,0.0,2.1330351379684072e-10
memtransistor_4t-demo,1,6,potentiation,1.0552708577398457e-05,4.0,0.01,5.369551813004515e-09,0.1,1.0552708577398457e-06,0.7810000000000005,gate-to-source,drain-to-source,4.0,5.369551813004515e-09,0.1,1.0552708577398457e-06,0.0,-1.0552708577398457e-06,0.0,0.0,2.1478207252018058e-10
memtransistor_4t-demo,1,7,potentiation,1.1582362564220675e-05,4.0,0.01,5.392314112161292e-09,0.1,1.1582362564220676e-06,0.7920000000000005,gate-to-source,drain-to-source,4.0,5.392314112161292e-09,0.1,1.1582362564220676e-06,0.0,-1.1582362564220676e-06,0.0,0.0,2.1569256448645167e-10
memtransistor_4t-demo,1,8,potentiation,1.3513813263180113e-05,4.0,0.01,5.4e-09,0.1,1.3513813263180114e-06,0.8030000000000005,gate-to-source,drain-to-source,4.0,5.4e-09,0.1,1.3513813263180114e-06,0.0,-1.3513813263180114e-06,0.0,0.0,2.1600000000000003e-10
memtransistor_4t-demo,1,9,potentiation,1.526103024558916e-05,4.0,0.01,5.392314112161292e-09,0.1,1.526103024558916e-06,0.8140000000000005,gate-to-source,drain-to-source,4.0,5.392314112161292e-09,0.1,1.526103024558916e-06,0.0,-1.526103024558916e-06,0.0,0.0,2.1569256448645167e-10
memtransistor_4t-demo,1,10,potentiation,1.726471844946621e-05,4.0,0.01,5.369551813004515e-09,0.1,1.726471844946621e-06,0.8250000000000005,gate-to-source,drain-to-source,4.0,5.369551813004515e-09,0.1,1.726471844946621e-06,0.0,-1.726471844946621e-06,0.0,0.0,2.1478207252018058e-10
memtransistor_4t-demo,1,11,potentiation,1.8932967827893495e-05,4.0,0.01,5.332587844921018e-09,0.1,1.8932967827893497e-06,0.8360000000000005,gate-to-source,drain-to-source,4.0,5.332587844921018e-09,0.1,1.8932967827893497e-06,0.0,-1.8932967827893497e-06,0.0,0.0,2.1330351379684072e-10
memtransistor_4t-demo,1,12,potentiation,2.0568107959247973e-05,4.0,0.01,5.282842712474619e-09,0.1,2.0568107959247976e-06,0.8470000000000005,gate-to-source,drain-to-source,4.0,5.282842712474619e-09,0.1,2.0568107959247976e-06,0.0,-2.0568107959247976e-06,0.0,0.0,2.1131370849898477e-10
memtransistor_4t-demo,1,13,potentiation,2.2462605577315496e-05,4.0,0.01,5.222228093207842e-09,0.1,2.2462605577315497e-06,0.8580000000000005,gate-to-source,drain-to-source,4.0,5.222228093207842e-09,0.1,2.2462605577315497e-06,0.0,-2.2462605577315497e-06,0.0,0.0,2.0888912372831367e-10
memtransistor_4t-demo,1,14,potentiation,2.4452076592279206e-05,4.0,0.01,5.153073372946036e-09,0.1,2.4452076592279207e-06,0.8690000000000005,gate-to-source,drain-to-source,4.0,5.153073372946036e-09,0.1,2.4452076592279207e-06,0.0,-2.4452076592279207e-06,0.0,0.0,2.0612293491784143e-10
memtransistor_4t-demo,1,15,potentiation,2.6843668934325524e-05,4.0,0.01,5.0780361288064515e-09,0.1,2.6843668934325528e-06,0.8800000000000006,gate-to-source,drain-to-source,4.0,5.0780361288064515e-09,0.1,2.6843668934325528e-06,0.0,-2.6843668934325528e-06,0.0,0.0,2.0312144515225807e-10
memtransistor_4t-demo,1,16,potentiation,2.8541847727901792e-05,4.0,0.01,5e-09,0.1,2.854184772790179e-06,0.8910000000000006,gate-to-source,drain-to-source,4.0,5e-09,0.1,2.854184772790179e-06,0.0,-2.854184772790179e-06,0.0,0.0,2e-10
memtransistor_4t-demo,1,17,potentiation,3.073223485186703e-05,4.0,0.01,4.921963871193549e-09,0.1,3.073223485186703e-06,0.9020000000000006,gate-to-source,drain-to-source,4.0,4.921963871193549e-09,0.1,3.073223485186703e-06,0.0,-3.073223485186703e-06,0.0,0.0,1.9687855484774195e-10
memtransistor_4t-demo,1,18,potentiation,3.310211268972804e-05,4.0,0.01,4.8469266270539644e-09,0.1,3.3102112689728045e-06,0.9130000000000006,gate-to-source,drain-to-source,4.0,4.8469266270539644e-09,0.1,3.3102112689728045e-06,0.0,-3.3102112689728045e-06,0.0,0.0,1.938770650821586e-10
memtransistor_4t-demo,1,19,potentiation,3.531485119568423e-05,4.0,0.01,4.7777719067921594e-09,0.1,3.5314851195684234e-06,0.9240000000000006,gate-to-source,drain-to-source,4.0,4.7777719067921594e-09,0.1,3.5314851195684234e-06,0.0,-3.5314851195684234e-06,0.0,0.0,1.9111087627168637e-10
memtransistor_4t-demo,1,20,potentiation,3.7684254438106794e-05,4.0,0.01,4.717157287525381e-09,0.1,3.7684254438106794e-06,0.9350000000000006,gate-to-source,drain-to-source,4.0,4.717157287525381e-09,0.1,3.7684254438106794e-06,0.0,-3.7684254438106794e-06,0.0,0.0,1.8868629150101524e-10
memtransistor_4t-demo,1,21,potentiation,3.996043300275197e-05,4.0,0.01,4.667412155078982e-09,0.1,3.996043300275197e-06,0.9460000000000006,gate-to-source,drain-to-source,4.0,4.667412155078982e-09,0.1,3.996043300275197e-06,0.0,-3.996043300275197e-06,0.0,0.0,1.866964862031593e-10
memtransistor_4t-demo,1,22,potentiation,4.2729308213047475e-05,4.0,0.01,4.6304481869954855e-09,0.1,4.272930821304747e-06,0.9570000000000006,gate-to-source,drain-to-source,4.0,4.6304481869954855e-09,0.1,4.272930821304747e-06,0.0,-4.272930821304747e-06,0.0,0.0,1.8521792747981943e-10
memtransistor_4t-demo,1,23,potentiation,4.526852495496126e-05,4.0,0.01,4.607685887838708e-09,0.1,4.526852495496127e-06,0.9680000000000006,gate-to-source,drain-to-source,4.0,4.607685887838708e-09,0.1,4.526852495496127e-06,0.0,-4.526852495496127e-06,0.0,0.0,1.8430743551354832e-10
memtransistor_4t-demo,1,24,potentiation,4.831039778138505e-05,4.0,0.01,4.600000000000001e-09,0.1,4.831039778138505e-06,0.9790000000000006,gate-to-source,drain-to-source,4.0,4.600000000000001e-09,0.1,4.831039778138505e-06,0.0,-4.831039778138505e-06,0.0,0.0,1.8400000000000004e-10
memtransistor_4t-demo,1,25,potentiation,5.10081890768213e-05,4.0,0.01,4.607685887838708e-09,0.1,5.1008189076821305e-06,0.9900000000000007,gate-to-source,drain-to-source,4.0,4.607685887838708e-09,0.1,5.1008189076821305e-06,0.0,-5.1008189076821305e-06,0.0,0.0,1.8430743551354832e-10
memtransistor_4t-demo,1,26,potentiation,5.3764360584385934e-05,4.0,0.01,4.6304481869954855e-09,0.1,5.376436058438594e-06,1.0010000000000006,gate-to-source,drain-to-source,4.0,4.6304481869954855e-09,0.1,5.376436058438594e-06,0.0,-5.376436058438594e-06,0.0,0.0,1.8521792747981943e-10
memtransistor_4t-demo,1,27,potentiation,5.689485006900868e-05,4.0,0.01,4.667412155078982e-09,0.1,5.689485006900868e-06,1.0120000000000005,gate-to-source,drain-to-source,4.0,4.667412155078982e-09,0.1,5.689485006900868e-06,0.0,-5.689485006900868e-06,0.0,0.0,1.866964862031593e-10
memtransistor_4t-demo,1,28,potentiation,5.977637980485769e-05,4.0,0.01,4.717157287525381e-09,0.1,5.9776379804857695e-06,1.0230000000000004,gate-to-source,drain-to-source,4.0,4.717157287525381e-09,0.1,5.9776379804857695e-06,0.0,-5.9776379804857695e-06,0.0,0.0,1.8868629150101524e-10
memtransistor_4t-demo,1,29,potentiation,6.324877099694398e-05,4.0,0.01,4.7777719067921594e-09,0.1,6.324877099694399e-06,1.0340000000000003,gate-to-source,drain-to-source,4.0,4.7777719067921594e-09,0.1,6.324877099694399e-06,0.0,-6.324877099694399e-06,0.0,0.0,1.9111087627168637e-10
memtransistor_4t-demo,1,30,potentiation,6.63259890158198e-05,4.0,0.01,4.8469266270539644e-09,0.1,6.63259890158198e-06,1.0450000000000002,gate-to-source,drain-to-source,4.0,4.8469266270539644e-09,0.1,6.63259890158198e-06,0.0,-6.63259890158198e-06,0.0,0.0,1.938770650821586e-10
memtransistor_4t-demo,1,31,potentiation,6.984701000025279e-05,4.0,0.01,4.921963871193549e-09,0.1,6.984701000025279e-06,1.056,gate-to-source,drain-to-source,4.0,4.921963871193549e-09,0.1,6.984701000025279e-06,0.0,-6.984701000025279e-06,0.0,0.0,1.9687855484774195e-10
